model,accuracy,precision,recall,f1,roc_auc,confusion
SVM,0.8152173913043478,0.8035714285714286,0.8823529411764706,0.8411214953271028,0.9081779053084648,"[[60, 22], [12, 90]]"
LogReg,0.842391304347826,0.8476190476190476,0.8725490196078431,0.8599033816425121,0.8953849832615972,"[[66, 16], [13, 89]]"
DecisionTree,0.782608695652174,0.7870370370370371,0.8333333333333334,0.8095238095238095,0.7764227642276422,"[[59, 23], [17, 85]]"
